block_id,name,name_hi,verified,lat,lon
01329,Gopalpur,गोपालपुर,0,25.350,87.050
01330,Bihpur,बिहपुर,1,25.410,86.990
01331,Ismailpur,इस्माइलपुर,0,25.285,87.000
01332,Naugachhia,नौगछिया,1,25.390,87.100
01333,Narayanpur,नारायणपुर,0,25.360,87.160
01334,Rangra Chowk,रंगरा चौक,0,25.310,87.030
01335,Kharik,खरीक,0,25.360,86.930
01336,Goradih,गोराडीह,0,25.270,86.900
01337,Jagdishpur,जगदीशपुर,0,25.235,86.965
01338,Nathnagar,नाथनगर,0,25.250,87.030
01339,Sabour,सबौर,0,25.230,87.080
01340,Sultanganj,सुल्तानगंज,1,25.246,86.738
01341,Shahkund,शाहकुंड,0,25.170,86.850
01342,Kahalgaon,कहलगांव,0,25.267,87.234
01343,Pirpainti,पीरपैंती,0,25.324,87.428
01344,Sanhaula,सन्हौला,0,25.210,87.130
