month,year,month_num,object_id,count_bhuvan_pixels,count_inundated_pixels,inundation_pct
2021_06,2021,6,10-224-01333,35404,0,0.0
2021_06,2021,6,10-224-01329,62776,0,0.0
2021_06,2021,6,10-224-01330,68442,0,0.0
2021_06,2021,6,10-224-01331,61179,0,0.0
2021_06,2021,6,10-224-01332,48488,0,0.0
2021_06,2021,6,10-224-01335,148798,0,0.0
2021_06,2021,6,10-224-01336,127400,0,0.0
2021_06,2021,6,10-224-01337,37166,0,0.0
2021_06,2021,6,10-224-01338,51108,0,0.0
2021_06,2021,6,10-224-01339,59143,0,0.0
2021_06,2021,6,10-224-01340,96423,0,0.0
2021_06,2021,6,10-224-01341,75600,0,0.0
2021_06,2021,6,10-224-01342,64467,0,0.0
2021_06,2021,6,10-224-01343,46128,0,0.0
2021_06,2021,6,10-224-01344,77652,0,0.0
2021_06,2021,6,10-224-01334,75548,0,0.0
2021_07,2021,7,10-224-01333,35404,1616,0.0456445599367303
2021_07,2021,7,10-224-01329,62776,7159,0.1140403976041799
2021_07,2021,7,10-224-01330,68442,6198,0.0905584290348032
2021_07,2021,7,10-224-01331,61179,2388,0.0390330015201294
2021_07,2021,7,10-224-01332,48488,1716,0.0353901996370235
2021_07,2021,7,10-224-01335,148798,6158,0.0413849648516781
2021_07,2021,7,10-224-01336,127400,6811,0.0534615384615384
2021_07,2021,7,10-224-01337,37166,0,0.0
2021_07,2021,7,10-224-01338,51108,7962,0.1557877436017844
2021_07,2021,7,10-224-01339,59143,10,0.0001690817171939
2021_07,2021,7,10-224-01340,96423,111,0.001151177623596
2021_07,2021,7,10-224-01341,75600,48,0.0006349206349206
2021_07,2021,7,10-224-01342,64467,3382,0.0524609490126731
2021_07,2021,7,10-224-01343,46128,16,0.0003468609087755
2021_07,2021,7,10-224-01344,77652,1215,0.0156467315716272
2021_07,2021,7,10-224-01334,75548,27,0.0003573886800444
2021_08,2021,8,10-224-01333,35404,17784,0.502316122472037
2021_08,2021,8,10-224-01329,62776,26501,0.4221517777494584
2021_08,2021,8,10-224-01330,68442,12037,0.1758715408667192
2021_08,2021,8,10-224-01331,61179,5710,0.0933326795142124
2021_08,2021,8,10-224-01332,48488,9389,0.1936355386899851
2021_08,2021,8,10-224-01335,148798,55598,0.3736474952620331
2021_08,2021,8,10-224-01336,127400,44193,0.346883830455259
2021_08,2021,8,10-224-01337,37166,15759,0.424016574288328
2021_08,2021,8,10-224-01338,51108,18166,0.3554433748141191
2021_08,2021,8,10-224-01339,59143,27330,0.4621003330909828
2021_08,2021,8,10-224-01340,96423,55137,0.5718241498397685
2021_08,2021,8,10-224-01341,75600,29371,0.388505291005291
2021_08,2021,8,10-224-01342,64467,32441,0.5032187010408427
2021_08,2021,8,10-224-01343,46128,2480,0.053763440860215
2021_08,2021,8,10-224-01344,77652,16975,0.2186035131097718
2021_08,2021,8,10-224-01334,75548,21111,0.2794382379414412
2021_09,2021,9,10-224-01333,35404,13822,0.3904078635182465
2021_09,2021,9,10-224-01329,62776,18273,0.2910825793296801
2021_09,2021,9,10-224-01330,68442,8747,0.1278016422664445
2021_09,2021,9,10-224-01331,61179,3572,0.0583860474999591
2021_09,2021,9,10-224-01332,48488,6020,0.1241544299620524
2021_09,2021,9,10-224-01335,148798,26084,0.1752980550813855
2021_09,2021,9,10-224-01336,127400,17950,0.140894819466248
2021_09,2021,9,10-224-01337,37166,12136,0.3265350051121993
2021_09,2021,9,10-224-01338,51108,13575,0.2656139938952805
2021_09,2021,9,10-224-01339,59143,10808,0.1827435199431885
2021_09,2021,9,10-224-01340,96423,14591,0.1513228171701772
2021_09,2021,9,10-224-01341,75600,8354,0.1105026455026455
2021_09,2021,9,10-224-01342,64467,8966,0.1390789085888904
2021_09,2021,9,10-224-01343,46128,41,0.0008888310787374
2021_09,2021,9,10-224-01344,77652,3252,0.0418791531447998
2021_09,2021,9,10-224-01334,75548,15458,0.2046116376343516
2021_10,2021,10,10-224-01333,35404,5928,0.167438707490679
2021_10,2021,10,10-224-01329,62776,13024,0.2074678220976169
2021_10,2021,10,10-224-01330,68442,6752,0.098652873966278
2021_10,2021,10,10-224-01331,61179,1314,0.0214779581228853
2021_10,2021,10,10-224-01332,48488,1803,0.0371844580102293
2021_10,2021,10,10-224-01335,148798,2198,0.0147717039207516
2021_10,2021,10,10-224-01336,127400,8802,0.0690894819466248
2021_10,2021,10,10-224-01337,37166,6995,0.1882096539848248
2021_10,2021,10,10-224-01338,51108,11293,0.2209634499491273
2021_10,2021,10,10-224-01339,59143,4157,0.0702872698375124
2021_10,2021,10,10-224-01340,96423,7068,0.0733020130051958
2021_10,2021,10,10-224-01341,75600,3594,0.0475396825396825
2021_10,2021,10,10-224-01342,64467,5236,0.0812198489149487
2021_10,2021,10,10-224-01343,46128,118,0.0025580992022199
2021_10,2021,10,10-224-01344,77652,899,0.011577293566167
2021_10,2021,10,10-224-01334,75548,9633,0.127508339069201
2022_02,2022,2,10-224-01333,35404,0,0.0
2022_02,2022,2,10-224-01329,62776,0,0.0
2022_02,2022,2,10-224-01330,68442,0,0.0
2022_02,2022,2,10-224-01331,61179,0,0.0
2022_02,2022,2,10-224-01332,48488,0,0.0
2022_02,2022,2,10-224-01335,148798,0,0.0
2022_02,2022,2,10-224-01336,127400,0,0.0
2022_02,2022,2,10-224-01337,37166,0,0.0
2022_02,2022,2,10-224-01338,51108,0,0.0
2022_02,2022,2,10-224-01339,59143,0,0.0
2022_02,2022,2,10-224-01340,96423,0,0.0
2022_02,2022,2,10-224-01341,75600,0,0.0
2022_02,2022,2,10-224-01342,64467,0,0.0
2022_02,2022,2,10-224-01343,46128,0,0.0
2022_02,2022,2,10-224-01344,77652,0,0.0
2022_02,2022,2,10-224-01334,75548,0,0.0
2022_05,2022,5,10-224-01333,35404,0,0.0
2022_05,2022,5,10-224-01329,62776,0,0.0
2022_05,2022,5,10-224-01330,68442,0,0.0
2022_05,2022,5,10-224-01331,61179,0,0.0
2022_05,2022,5,10-224-01332,48488,0,0.0
2022_05,2022,5,10-224-01335,148798,0,0.0
2022_05,2022,5,10-224-01336,127400,0,0.0
2022_05,2022,5,10-224-01337,37166,0,0.0
2022_05,2022,5,10-224-01338,51108,0,0.0
2022_05,2022,5,10-224-01339,59143,0,0.0
2022_05,2022,5,10-224-01340,96423,0,0.0
2022_05,2022,5,10-224-01341,75600,0,0.0
2022_05,2022,5,10-224-01342,64467,0,0.0
2022_05,2022,5,10-224-01343,46128,0,0.0
2022_05,2022,5,10-224-01344,77652,0,0.0
2022_05,2022,5,10-224-01334,75548,0,0.0
2022_07,2022,7,10-224-01333,35404,0,0.0
2022_07,2022,7,10-224-01329,62776,0,0.0
2022_07,2022,7,10-224-01330,68442,0,0.0
2022_07,2022,7,10-224-01331,61179,0,0.0
2022_07,2022,7,10-224-01332,48488,12,0.0002474839135456
2022_07,2022,7,10-224-01335,148798,0,0.0
2022_07,2022,7,10-224-01336,127400,21,0.0001648351648351
2022_07,2022,7,10-224-01337,37166,10,0.0002690631222084
2022_07,2022,7,10-224-01338,51108,0,0.0
2022_07,2022,7,10-224-01339,59143,0,0.0
2022_07,2022,7,10-224-01340,96423,0,0.0
2022_07,2022,7,10-224-01341,75600,0,0.0
2022_07,2022,7,10-224-01342,64467,0,0.0
2022_07,2022,7,10-224-01343,46128,0,0.0
2022_07,2022,7,10-224-01344,77652,0,0.0
2022_07,2022,7,10-224-01334,75548,18,0.0002382591200296
2022_08,2022,8,10-224-01333,35404,7182,0.2028584340752457
2022_08,2022,8,10-224-01329,62776,14877,0.2369854721549636
2022_08,2022,8,10-224-01330,68442,8148,0.1190497063206802
2022_08,2022,8,10-224-01331,61179,2407,0.039343565602576
2022_08,2022,8,10-224-01332,48488,1300,0.0268107573007754
2022_08,2022,8,10-224-01335,148798,14469,0.0972392102044382
2022_08,2022,8,10-224-01336,127400,18149,0.1424568288854003
2022_08,2022,8,10-224-01337,37166,4184,0.1125760103320239
2022_08,2022,8,10-224-01338,51108,12645,0.2474172340925099
2022_08,2022,8,10-224-01339,59143,12844,0.2171685575638706
2022_08,2022,8,10-224-01340,96423,20373,0.2112877632929902
2022_08,2022,8,10-224-01341,75600,9770,0.1292328042328042
2022_08,2022,8,10-224-01342,64467,9370,0.1453456807358803
2022_08,2022,8,10-224-01343,46128,31,0.0006720430107526
2022_08,2022,8,10-224-01344,77652,3680,0.0473909236078916
2022_08,2022,8,10-224-01334,75548,4470,0.0591676814740297
2022_09,2022,9,10-224-01333,35404,9615,0.2715794825443453
2022_09,2022,9,10-224-01329,62776,20392,0.3248375175226201
2022_09,2022,9,10-224-01330,68442,8987,0.1313082610093217
2022_09,2022,9,10-224-01331,61179,3002,0.0490691250265614
2022_09,2022,9,10-224-01332,48488,1805,0.0372257053291536
2022_09,2022,9,10-224-01335,148798,31568,0.2121533891584564
2022_09,2022,9,10-224-01336,127400,21960,0.1723704866562009
2022_09,2022,9,10-224-01337,37166,5333,0.1434913630737771
2022_09,2022,9,10-224-01338,51108,14779,0.289171949596932
2022_09,2022,9,10-224-01339,59143,17853,0.301861589706305
2022_09,2022,9,10-224-01340,96423,29107,0.3018678116217085
2022_09,2022,9,10-224-01341,75600,12761,0.1687962962962963
2022_09,2022,9,10-224-01342,64467,15118,0.2345075775202817
2022_09,2022,9,10-224-01343,46128,143,0.0031000693721817
2022_09,2022,9,10-224-01344,77652,4092,0.052696646577036
2022_09,2022,9,10-224-01334,75548,8268,0.1094403558002859
2022_10,2022,10,10-224-01333,35404,10447,0.2950796520167212
2022_10,2022,10,10-224-01329,62776,14836,0.2363323563145151
2022_10,2022,10,10-224-01330,68442,8429,0.1231553724321323
2022_10,2022,10,10-224-01331,61179,2499,0.0408473495807384
2022_10,2022,10,10-224-01332,48488,1785,0.0368132321399109
2022_10,2022,10,10-224-01335,148798,14050,0.0944233121412922
2022_10,2022,10,10-224-01336,127400,15768,0.123767660910518
2022_10,2022,10,10-224-01337,37166,4270,0.1148899531830167
2022_10,2022,10,10-224-01338,51108,12577,0.2460867183219848
2022_10,2022,10,10-224-01339,59143,16551,0.2798471501276567
2022_10,2022,10,10-224-01340,96423,16657,0.1727492403264781
2022_10,2022,10,10-224-01341,75600,6748,0.0892592592592592
2022_10,2022,10,10-224-01342,64467,7036,0.1091411109559929
2022_10,2022,10,10-224-01343,46128,213,0.0046175858480749
2022_10,2022,10,10-224-01344,77652,1443,0.018582908360377
2022_10,2022,10,10-224-01334,75548,8514,0.1126965637740244
2022_11,2022,11,10-224-01333,35404,0,0.0
2022_11,2022,11,10-224-01329,62776,0,0.0
2022_11,2022,11,10-224-01330,68442,0,0.0
2022_11,2022,11,10-224-01331,61179,0,0.0
2022_11,2022,11,10-224-01332,48488,0,0.0
2022_11,2022,11,10-224-01335,148798,0,0.0
2022_11,2022,11,10-224-01336,127400,0,0.0
2022_11,2022,11,10-224-01337,37166,0,0.0
2022_11,2022,11,10-224-01338,51108,0,0.0
2022_11,2022,11,10-224-01339,59143,0,0.0
2022_11,2022,11,10-224-01340,96423,0,0.0
2022_11,2022,11,10-224-01341,75600,0,0.0
2022_11,2022,11,10-224-01342,64467,0,0.0
2022_11,2022,11,10-224-01343,46128,0,0.0
2022_11,2022,11,10-224-01344,77652,0,0.0
2022_11,2022,11,10-224-01334,75548,0,0.0
2023_08,2023,8,10-224-01333,35404,9538,0.2694045870523104
2023_08,2023,8,10-224-01329,62776,14804,0.2358226073658723
2023_08,2023,8,10-224-01330,68442,16496,0.2410215949270915
2023_08,2023,8,10-224-01331,61179,12226,0.1998398143153696
2023_08,2023,8,10-224-01332,48488,3274,0.0675218610790298
2023_08,2023,8,10-224-01335,148798,15992,0.1074745628301455
2023_08,2023,8,10-224-01336,127400,34348,0.269607535321821
2023_08,2023,8,10-224-01337,37166,5495,0.1478501856535543
2023_08,2023,8,10-224-01338,51108,16013,0.3133168975502857
2023_08,2023,8,10-224-01339,59143,13787,0.2331129634952572
2023_08,2023,8,10-224-01340,96423,21935,0.2274872177799902
2023_08,2023,8,10-224-01341,75600,5400,0.0714285714285714
2023_08,2023,8,10-224-01342,64467,6919,0.1073262289233251
2023_08,2023,8,10-224-01343,46128,1001,0.0217004856052722
2023_08,2023,8,10-224-01344,77652,6742,0.0868232627620666
2023_08,2023,8,10-224-01334,75548,7011,0.0928019272515486
2023_09,2023,9,10-224-01333,35404,8424,0.237939215907807
2023_09,2023,9,10-224-01329,62776,12151,0.1935612335924557
2023_09,2023,9,10-224-01330,68442,14124,0.2063645130183221
2023_09,2023,9,10-224-01331,61179,10801,0.1765475081318753
2023_09,2023,9,10-224-01332,48488,2486,0.0512704174228675
2023_09,2023,9,10-224-01335,148798,10606,0.0712778397559107
2023_09,2023,9,10-224-01336,127400,18015,0.1414050235478807
2023_09,2023,9,10-224-01337,37166,3185,0.0856966044233977
2023_09,2023,9,10-224-01338,51108,13105,0.2564177819519449
2023_09,2023,9,10-224-01339,59143,8730,0.147608339110292
2023_09,2023,9,10-224-01340,96423,5919,0.0613857689555396
2023_09,2023,9,10-224-01341,75600,2845,0.0376322751322751
2023_09,2023,9,10-224-01342,64467,4768,0.0739603207842772
2023_09,2023,9,10-224-01343,46128,771,0.0167143600416233
2023_09,2023,9,10-224-01344,77652,1399,0.0180162777520218
2023_09,2023,9,10-224-01334,75548,5610,0.0742574257425742
2024_07,2024,7,10-224-01333,35404,4764,0.134561066546153
2024_07,2024,7,10-224-01329,62776,3723,0.05930610424366
2024_07,2024,7,10-224-01330,68442,7490,0.1094357266006253
2024_07,2024,7,10-224-01331,61179,5052,0.0825773549747462
2024_07,2024,7,10-224-01332,48488,864,0.0178188417752846
2024_07,2024,7,10-224-01335,148798,826,0.0055511498810467
2024_07,2024,7,10-224-01336,127400,11684,0.0917111459968602
2024_07,2024,7,10-224-01337,37166,631,0.0169778830113544
2024_07,2024,7,10-224-01338,51108,6557,0.1282969398137277
2024_07,2024,7,10-224-01339,59143,1385,0.0234178178313578
2024_07,2024,7,10-224-01340,96423,2528,0.02621781110316
2024_07,2024,7,10-224-01341,75600,914,0.012089947089947
2024_07,2024,7,10-224-01342,64467,1270,0.0197000015511812
2024_07,2024,7,10-224-01343,46128,514,0.0111429066944155
2024_07,2024,7,10-224-01344,77652,6719,0.0865270694895173
2024_07,2024,7,10-224-01334,75548,892,0.0118070630592471
2024_08,2024,8,10-224-01333,35404,15275,0.4314484239069032
2024_08,2024,8,10-224-01329,62776,28431,0.4528960112144768
2024_08,2024,8,10-224-01330,68442,27666,0.404225475585167
2024_08,2024,8,10-224-01331,61179,18284,0.2988607201817617
2024_08,2024,8,10-224-01332,48488,4508,0.0929714568553044
2024_08,2024,8,10-224-01335,148798,44791,0.3010188308982647
2024_08,2024,8,10-224-01336,127400,34306,0.2692778649921507
2024_08,2024,8,10-224-01337,37166,9648,0.2595921003067319
2024_08,2024,8,10-224-01338,51108,23066,0.4513187759254911
2024_08,2024,8,10-224-01339,59143,27750,0.4692017652131275
2024_08,2024,8,10-224-01340,96423,42188,0.437530464723147
2024_08,2024,8,10-224-01341,75600,14988,0.1982539682539682
2024_08,2024,8,10-224-01342,64467,15086,0.2340111995284409
2024_08,2024,8,10-224-01343,46128,1635,0.0354448491155046
2024_08,2024,8,10-224-01344,77652,6174,0.0795085767269355
2024_08,2024,8,10-224-01334,75548,21962,0.2907025996717319
2024_09,2024,9,10-224-01333,35404,22407,0.6328945881821263
2024_09,2024,9,10-224-01329,62776,34680,0.5524404230916273
2024_09,2024,9,10-224-01330,68442,37812,0.5524677829402999
2024_09,2024,9,10-224-01331,61179,26610,0.4349531702054626
2024_09,2024,9,10-224-01332,48488,9736,0.2007919485233459
2024_09,2024,9,10-224-01335,148798,63327,0.4255903977203994
2024_09,2024,9,10-224-01336,127400,51716,0.4059340659340659
2024_09,2024,9,10-224-01337,37166,13780,0.3707689824032718
2024_09,2024,9,10-224-01338,51108,29716,0.581435391719496
2024_09,2024,9,10-224-01339,59143,31372,0.5304431631807652
2024_09,2024,9,10-224-01340,96423,52833,0.5479294359229644
2024_09,2024,9,10-224-01341,75600,14513,0.1919708994708994
2024_09,2024,9,10-224-01342,64467,15566,0.2414568694060527
2024_09,2024,9,10-224-01343,46128,2368,0.0513354144987859
2024_09,2024,9,10-224-01344,77652,4777,0.0615180549116571
2024_09,2024,9,10-224-01334,75548,38113,0.504487213427225
2024_10,2024,10,10-224-01333,35404,22751,0.6426110044062818
2024_10,2024,10,10-224-01329,62776,29040,0.462597170893335
2024_10,2024,10,10-224-01330,68442,30854,0.4508050612197188
2024_10,2024,10,10-224-01331,61179,19704,0.3220712989751385
2024_10,2024,10,10-224-01332,48488,6910,0.1425094868833525
2024_10,2024,10,10-224-01335,148798,48435,0.3255084073710668
2024_10,2024,10,10-224-01336,127400,30983,0.2431946624803767
2024_10,2024,10,10-224-01337,37166,13906,0.3741591777430985
2024_10,2024,10,10-224-01338,51108,23757,0.4648391641230335
2024_10,2024,10,10-224-01339,59143,27868,0.4711969294760157
2024_10,2024,10,10-224-01340,96423,37107,0.3848355682772782
2024_10,2024,10,10-224-01341,75600,9654,0.1276984126984127
2024_10,2024,10,10-224-01342,64467,7796,0.1209300882622116
2024_10,2024,10,10-224-01343,46128,1303,0.0282474852584113
2024_10,2024,10,10-224-01344,77652,2073,0.0266960284345541
2024_10,2024,10,10-224-01334,75548,32167,0.425782284110764
2025_07,2025,7,10-224-01333,35404,2890,0.081629194441306
2025_07,2025,7,10-224-01329,62776,10821,0.1723747929144896
2025_07,2025,7,10-224-01330,68442,6662,0.097337891937699
2025_07,2025,7,10-224-01331,61179,1199,0.0195982281501822
2025_07,2025,7,10-224-01332,48488,803,0.0165607985480943
2025_07,2025,7,10-224-01335,148798,5305,0.0356523609188295
2025_07,2025,7,10-224-01336,127400,18640,0.1463108320251177
2025_07,2025,7,10-224-01337,37166,3042,0.0818490017758166
2025_07,2025,7,10-224-01338,51108,9031,0.1767042341707756
2025_07,2025,7,10-224-01339,59143,11996,0.2028304279458262
2025_07,2025,7,10-224-01340,96423,20447,0.2120552150420542
2025_07,2025,7,10-224-01341,75600,11524,0.1524338624338624
2025_07,2025,7,10-224-01342,64467,7908,0.1226674112336544
2025_07,2025,7,10-224-01343,46128,957,0.0207466181061394
2025_07,2025,7,10-224-01344,77652,2458,0.0316540462576623
2025_07,2025,7,10-224-01334,75548,4852,0.0642240694657701
2025_08,2025,8,10-224-01333,35404,13666,0.386001581742176
2025_08,2025,8,10-224-01329,62776,25032,0.3987511150758251
2025_08,2025,8,10-224-01330,68442,22597,0.3301627655533152
2025_08,2025,8,10-224-01331,61179,15274,0.2496608313310122
2025_08,2025,8,10-224-01332,48488,4697,0.0968693284936479
2025_08,2025,8,10-224-01335,148798,48780,0.3278269869218672
2025_08,2025,8,10-224-01336,127400,32978,0.2588540031397174
2025_08,2025,8,10-224-01337,37166,8121,0.2185061615454985
2025_08,2025,8,10-224-01338,51108,16457,0.3220043828754794
2025_08,2025,8,10-224-01339,59143,28480,0.4815447305682837
2025_08,2025,8,10-224-01340,96423,64654,0.6705246673511507
2025_08,2025,8,10-224-01341,75600,30958,0.4094973544973544
2025_08,2025,8,10-224-01342,64467,23048,0.3575162486233266
2025_08,2025,8,10-224-01343,46128,2338,0.0506850502948317
2025_08,2025,8,10-224-01344,77652,7220,0.0929789316437438
2025_08,2025,8,10-224-01334,75548,16228,0.2148038333245089
2025_09,2025,9,10-224-01333,35404,10730,0.3030730990848492
2025_09,2025,9,10-224-01329,62776,15596,0.2484388938447814
2025_09,2025,9,10-224-01330,68442,11506,0.1681131468981035
2025_09,2025,9,10-224-01331,61179,6516,0.1065071348011572
2025_09,2025,9,10-224-01332,48488,4146,0.0855056921300115
2025_09,2025,9,10-224-01335,148798,44937,0.3020000268820818
2025_09,2025,9,10-224-01336,127400,29675,0.232927786499215
2025_09,2025,9,10-224-01337,37166,6572,0.1768282839154065
2025_09,2025,9,10-224-01338,51108,13608,0.2662596853721531
2025_09,2025,9,10-224-01339,59143,19530,0.3302165936797254
2025_09,2025,9,10-224-01340,96423,41716,0.4326353670804683
2025_09,2025,9,10-224-01341,75600,9463,0.1251719576719576
2025_09,2025,9,10-224-01342,64467,13330,0.2067724572261777
2025_09,2025,9,10-224-01343,46128,359,0.007782691640652
2025_09,2025,9,10-224-01344,77652,4472,0.0575902745582856
2025_09,2025,9,10-224-01334,75548,15403,0.2038836236564833
2025_10,2025,10,10-224-01333,35404,6426,0.1815049146989041
2025_10,2025,10,10-224-01329,62776,9643,0.1536096597425768
2025_10,2025,10,10-224-01330,68442,7524,0.1099324975891996
2025_10,2025,10,10-224-01331,61179,3202,0.0523382206312623
2025_10,2025,10,10-224-01332,48488,1114,0.0229747566408183
2025_10,2025,10,10-224-01335,148798,7893,0.0530450678100512
2025_10,2025,10,10-224-01336,127400,14432,0.1132810047095761
2025_10,2025,10,10-224-01337,37166,2558,0.0688263466609266
2025_10,2025,10,10-224-01338,51108,8013,0.1567856304296783
2025_10,2025,10,10-224-01339,59143,5430,0.0918113724362984
2025_10,2025,10,10-224-01340,96423,8363,0.0867324186138162
2025_10,2025,10,10-224-01341,75600,1728,0.0228571428571428
2025_10,2025,10,10-224-01342,64467,2762,0.0428436254207579
2025_10,2025,10,10-224-01343,46128,4,8.671522719389525e-05
2025_10,2025,10,10-224-01344,77652,740,0.0095296965950651
2025_10,2025,10,10-224-01334,75548,6189,0.0819214274368613
